ST_NM,year,rain_mean_mm
All-India,1966,989.6355358401639
All-India,1967,1078.9589971109588
All-India,1968,974.5026246103191
All-India,1969,1048.135711719408
All-India,1970,1157.5217491434864
All-India,1971,1156.6607877876468
All-India,1972,898.6745907686104
All-India,1973,1166.3594397117429
All-India,1974,1029.1264730602607
All-India,1975,1257.7683196048683
All-India,1976,1097.5934146239435
All-India,1977,1217.8579270486898
All-India,1978,1192.2884525476584
All-India,1979,992.9243598285688
All-India,1980,1147.5786371354645
All-India,1981,1105.9765142051042
All-India,1982,1060.807715071339
All-India,1983,1266.5048730092562
All-India,1984,1112.5607790309532
All-India,1985,1102.805508597688
All-India,1986,1091.3012860606268
All-India,1987,1052.69437436012
All-India,1988,1261.9567486933333
All-India,1989,1081.094788947733
All-India,1990,1327.8027550155903
All-India,1991,1100.4220580352148
All-India,1992,1060.138417851793
All-India,1993,1155.2305889815086
All-India,1994,1227.4090706772938
All-India,1995,1182.5719897932158
All-India,1996,1152.8781328401162
All-India,1997,1139.0717293724774
All-India,1998,1168.966548463634
All-India,1999,1064.64951722228
All-India,2000,974.7547643610598
All-India,2001,1040.1940406161914
All-India,2002,901.643519889205
All-India,2003,1134.9480596958329
All-India,2004,1020.5735693021323
All-India,2005,1186.6987357971193
All-India,2006,1126.2288792690322
All-India,2007,1135.7830166011995
All-India,2008,1127.0670737852993
All-India,2009,969.0656684743128
All-India,2010,1205.8373441490367
All-India,2011,1124.199057728825
All-India,2012,1045.8838064826662
All-India,2013,1211.050285234252
All-India,2014,1006.0004563262085
All-India,2015,1049.0663651527707
All-India,2016,1068.9689601149216
All-India,2017,1092.9032175617594
All-India,2018,981.9372427790976
All-India,2019,1236.7761955016485
All-India,2020,1236.2079885781409
All-India,2021,1197.3230603221673
All-India,2022,1230.1705901074536
All-India,2023,1051.5941417950778
All-India,2024,1188.646484375
Andaman & Nicobar,1966,0.0
Andaman & Nicobar,1967,0.0
Andaman & Nicobar,1968,0.0
Andaman & Nicobar,1969,0.0
Andaman & Nicobar,1970,0.0
Andaman & Nicobar,1971,0.0
Andaman & Nicobar,1972,0.0
Andaman & Nicobar,1973,0.0
Andaman & Nicobar,1974,0.0
Andaman & Nicobar,1975,0.0
Andaman & Nicobar,1976,0.0
Andaman & Nicobar,1977,0.0
Andaman & Nicobar,1978,0.0
Andaman & Nicobar,1979,0.0
Andaman & Nicobar,1980,0.0
Andaman & Nicobar,1981,0.0
Andaman & Nicobar,1982,0.0
Andaman & Nicobar,1983,0.0
Andaman & Nicobar,1984,0.0
Andaman & Nicobar,1985,0.0
Andaman & Nicobar,1986,0.0
Andaman & Nicobar,1987,0.0
Andaman & Nicobar,1988,0.0
Andaman & Nicobar,1989,0.0
Andaman & Nicobar,1990,0.0
Andaman & Nicobar,1991,0.0
Andaman & Nicobar,1992,0.0
Andaman & Nicobar,1993,0.0
Andaman & Nicobar,1994,0.0
Andaman & Nicobar,1995,0.0
Andaman & Nicobar,1996,0.0
Andaman & Nicobar,1997,0.0
Andaman & Nicobar,1998,0.0
Andaman & Nicobar,1999,0.0
Andaman & Nicobar,2000,0.0
Andaman & Nicobar,2001,0.0
Andaman & Nicobar,2002,0.0
Andaman & Nicobar,2003,0.0
Andaman & Nicobar,2004,0.0
Andaman & Nicobar,2005,0.0
Andaman & Nicobar,2006,0.0
Andaman & Nicobar,2007,0.0
Andaman & Nicobar,2008,0.0
Andaman & Nicobar,2009,0.0
Andaman & Nicobar,2010,0.0
Andaman & Nicobar,2011,0.0
Andaman & Nicobar,2012,0.0
Andaman & Nicobar,2013,0.0
Andaman & Nicobar,2014,0.0
Andaman & Nicobar,2015,0.0
Andaman & Nicobar,2016,0.0
Andaman & Nicobar,2017,0.0
Andaman & Nicobar,2018,0.0
Andaman & Nicobar,2019,0.0
Andaman & Nicobar,2020,0.0
Andaman & Nicobar,2021,0.0
Andaman & Nicobar,2022,0.0
Andaman & Nicobar,2023,0.0
Andaman & Nicobar,2024,0.0
Andhra Pradesh,1966,943.8564644679099
Andhra Pradesh,1967,739.1337618903967
Andhra Pradesh,1968,659.9233638950448
Andhra Pradesh,1969,1027.4565027122783
Andhra Pradesh,1970,849.8050657333847
Andhra Pradesh,1971,756.7223322315035
Andhra Pradesh,1972,881.1308791162159
Andhra Pradesh,1973,748.901821975863
Andhra Pradesh,1974,787.4119893961016
Andhra Pradesh,1975,1056.1662503129717
Andhra Pradesh,1976,932.4854249722829
Andhra Pradesh,1977,913.5605264120296
Andhra Pradesh,1978,921.6811815232761
Andhra Pradesh,1979,868.0599432565961
Andhra Pradesh,1980,769.3044322189846
Andhra Pradesh,1981,882.1213055287163
Andhra Pradesh,1982,721.5159014360692
Andhra Pradesh,1983,1028.4385044213368
Andhra Pradesh,1984,746.3790029641159
Andhra Pradesh,1985,780.0068294806036
Andhra Pradesh,1986,843.023252111995
Andhra Pradesh,1987,903.808269889935
Andhra Pradesh,1988,959.3439211211278
Andhra Pradesh,1989,859.5350992909022
Andhra Pradesh,1990,1175.4512791609318
Andhra Pradesh,1991,1043.2530307725137
Andhra Pradesh,1992,797.5213664012924
Andhra Pradesh,1993,862.7417938208724
Andhra Pradesh,1994,897.5808463147492
Andhra Pradesh,1995,1032.7671875333997
Andhra Pradesh,1996,1166.2974778938597
Andhra Pradesh,1997,894.2180161424277
Andhra Pradesh,1998,1038.114585400481
Andhra Pradesh,1999,654.3545571845272
Andhra Pradesh,2000,941.1328144869418
Andhra Pradesh,2001,951.8760597941174
Andhra Pradesh,2002,647.0448685282194
Andhra Pradesh,2003,835.3714394654078
Andhra Pradesh,2004,817.2331312909919
Andhra Pradesh,2005,1148.319811215813
Andhra Pradesh,2006,930.3350929528278
Andhra Pradesh,2007,1117.1165163097862
Andhra Pradesh,2008,982.8815368147411
Andhra Pradesh,2009,725.7359993655382
Andhra Pradesh,2010,1340.2577974890494
Andhra Pradesh,2011,776.062683336207
Andhra Pradesh,2012,998.7848188829186
Andhra Pradesh,2013,931.9051681561355
Andhra Pradesh,2014,713.72821347573
Andhra Pradesh,2015,1023.7485888068962
Andhra Pradesh,2016,770.6472653959291
Andhra Pradesh,2017,892.7758063033946
Andhra Pradesh,2018,682.2430818590627
Andhra Pradesh,2019,922.8445261001652
Andhra Pradesh,2020,1252.5167105610478
Andhra Pradesh,2021,1181.5661540035371
Andhra Pradesh,2022,1057.2332626701977
Andhra Pradesh,2023,877.0136775629209
Andhra Pradesh,2024,1056.7445068359375
Arunachal Pradesh,1966,2892.458318699367
Arunachal Pradesh,1967,2441.32951289754
Arunachal Pradesh,1968,2500.098000137582
Arunachal Pradesh,1969,2364.9251952852346
Arunachal Pradesh,1970,3623.235373846263
Arunachal Pradesh,1971,2756.056273970414
Arunachal Pradesh,1972,2588.557973774812
Arunachal Pradesh,1973,2822.8405785534746
Arunachal Pradesh,1974,3729.240006602377
Arunachal Pradesh,1975,3036.2418779248665
Arunachal Pradesh,1976,2885.8663659847593
Arunachal Pradesh,1977,3552.3194090497395
Arunachal Pradesh,1978,2475.49586639307
Arunachal Pradesh,1979,2793.550436122112
Arunachal Pradesh,1980,3420.585770928601
Arunachal Pradesh,1981,2630.523155058403
Arunachal Pradesh,1982,2676.2091937445657
Arunachal Pradesh,1983,3104.2452439042654
Arunachal Pradesh,1984,3210.5851991176605
Arunachal Pradesh,1985,3107.4121951405423
Arunachal Pradesh,1986,2486.1807959515077
Arunachal Pradesh,1987,3507.987077571944
Arunachal Pradesh,1988,3169.238958425081
Arunachal Pradesh,1989,2746.2897736012073
Arunachal Pradesh,1990,3013.488934645229
Arunachal Pradesh,1991,2983.81417776244
Arunachal Pradesh,1992,2359.016445096182
Arunachal Pradesh,1993,2773.4542285693456
Arunachal Pradesh,1994,2301.2903810318344
Arunachal Pradesh,1995,2855.550464997299
Arunachal Pradesh,1996,2438.737671767877
Arunachal Pradesh,1997,2099.745107504824
Arunachal Pradesh,1998,3020.2666948986325
Arunachal Pradesh,1999,2173.5613747231723
Arunachal Pradesh,2000,2230.9750800808847
Arunachal Pradesh,2001,1903.7376794974543
Arunachal Pradesh,2002,2548.922792238022
Arunachal Pradesh,2003,2725.2811854506945
Arunachal Pradesh,2004,2809.8205053713327
Arunachal Pradesh,2005,2796.336068436319
Arunachal Pradesh,2006,1580.4762143118937
Arunachal Pradesh,2007,1980.1989553266567
Arunachal Pradesh,2008,2973.1898787966197
Arunachal Pradesh,2009,2323.3690906014326
Arunachal Pradesh,2010,3326.3217165803244
Arunachal Pradesh,2011,1573.3577818877318
Arunachal Pradesh,2012,1425.286240902383
Arunachal Pradesh,2013,2213.4864069734476
Arunachal Pradesh,2014,2295.0214683068684
Arunachal Pradesh,2015,2614.1101487458736
Arunachal Pradesh,2016,3289.189976430875
Arunachal Pradesh,2017,3266.9422064766536
Arunachal Pradesh,2018,2272.030306389509
Arunachal Pradesh,2019,2540.455290814138
Arunachal Pradesh,2020,2852.52886850978
Arunachal Pradesh,2021,2045.44495680645
Arunachal Pradesh,2022,2900.7905524171088
Arunachal Pradesh,2023,2129.8776990778924
Arunachal Pradesh,2024,2143.8076171875
Assam,1966,2409.8771447933054
Assam,1967,1879.9381670454068
Assam,1968,2129.5022363400667
Assam,1969,1986.112409176305
Assam,1970,2517.0187788747635
Assam,1971,2221.8688784982883
Assam,1972,2106.1971747612515
Assam,1973,2287.914683384371
Assam,1974,2752.657878789216
Assam,1975,2200.3194507151716
Assam,1976,1991.1784293095998
Assam,1977,2424.4269011837014
Assam,1978,1816.648066100825
Assam,1979,1889.8154883566474
Assam,1980,2227.565398128382
Assam,1981,2050.227793405539
Assam,1982,2146.6721276268363
Assam,1983,2337.129192750708
Assam,1984,2288.978962900117
Assam,1985,2193.390346861926
Assam,1986,1914.3842311313313
Assam,1987,2294.393711723066
Assam,1988,2406.567300845901
Assam,1989,2171.149547930614
Assam,1990,2419.531366965701
Assam,1991,2374.4836126408572
Assam,1992,2033.4742315929898
Assam,1993,2403.117705458133
Assam,1994,1886.109116122512
Assam,1995,2251.9639477379105
Assam,1996,1943.6188474327712
Assam,1997,1894.8049208756279
Assam,1998,2143.4178018463326
Assam,1999,2314.437048652177
Assam,2000,2168.403788289569
Assam,2001,1898.077091695484
Assam,2002,2098.942082654749
Assam,2003,2255.775308119005
Assam,2004,2504.4064963109277
Assam,2005,2102.5534976052827
Assam,2006,1693.1320353298095
Assam,2007,2213.069310536223
Assam,2008,2105.227697821912
Assam,2009,1762.0334966702324
Assam,2010,2479.7641877229485
Assam,2011,1660.2599614317176
Assam,2012,1834.2013710647307
Assam,2013,1790.4874710799677
Assam,2014,1842.2508575835361
Assam,2015,1988.8037257441158
Assam,2016,2133.584639949339
Assam,2017,2323.1993885013308
Assam,2018,1832.6935454339816
Assam,2019,2134.1446497106344
Assam,2020,2290.3693344710587
Assam,2021,1611.4421313925293
Assam,2022,2400.2552149712656
Assam,2023,1907.5465040065983
Assam,2024,2086.520263671875
Bihar,1966,739.6428926196089
Bihar,1967,1019.7726500484729
Bihar,1968,1143.532370983994
Bihar,1969,1335.86632738184
Bihar,1970,1100.3971331641637
Bihar,1971,1569.4382545665692
Bihar,1972,746.8856424690973
Bihar,1973,1273.7105246554863
Bihar,1974,1319.570890857537
Bihar,1975,1079.7782257277715
Bihar,1976,1167.7381095082353
Bihar,1977,1182.3260344796836
Bihar,1978,1293.1333317713518
Bihar,1979,1055.8119870574963
Bihar,1980,1269.025621976003
Bihar,1981,1382.247130099656
Bihar,1982,936.2829720269805
Bihar,1983,1143.3544571148161
Bihar,1984,1511.817956680474
Bihar,1985,1507.2548250775587
Bihar,1986,1366.3027733688739
Bihar,1987,1717.0297232403007
Bihar,1988,1380.9538303537477
Bihar,1989,1323.8218607448769
Bihar,1990,1237.5281783899195
Bihar,1991,1087.1473072868653
Bihar,1992,836.929540261066
Bihar,1993,1242.7068867139462
Bihar,1994,977.5449874544502
Bihar,1995,1176.8251085601803
Bihar,1996,1148.0226932997093
Bihar,1997,1333.6059391013998
Bihar,1998,1433.1651355097056
Bihar,1999,1447.2014256079394
Bihar,2000,1233.8136140234153
Bihar,2001,1326.4630333537557
Bihar,2002,1164.9815518210705
Bihar,2003,1379.3746818969012
Bihar,2004,1169.2298848338817
Bihar,2005,987.5799925137956
Bihar,2006,1059.4142565664492
Bihar,2007,1561.1290381327271
Bihar,2008,1218.4250307483107
Bihar,2009,938.4896951286977
Bihar,2010,778.7228448508602
Bihar,2011,1181.3693522962749
Bihar,2012,1081.0089764628083
Bihar,2013,1082.4064439030967
Bihar,2014,1112.2385895155874
Bihar,2015,974.0890587866306
Bihar,2016,1214.334202857954
Bihar,2017,1161.759460392023
Bihar,2018,879.3069822884592
Bihar,2019,1226.422312779254
Bihar,2020,1575.5057160614017
Bihar,2021,1561.2294569937583
Bihar,2022,962.9942794358708
Bihar,2023,979.6812668967392
Bihar,2024,984.2355346679688
Chandigarh,1966,1313.7457317858934
Chandigarh,1967,1586.5742689967155
Chandigarh,1968,946.7885577976704
Chandigarh,1969,885.5298407226801
Chandigarh,1970,1202.2479537427425
Chandigarh,1971,1603.0524952486157
Chandigarh,1972,535.8090332672
Chandigarh,1973,973.111415207386
Chandigarh,1974,636.3054151087999
Chandigarh,1975,731.1224901676178
Chandigarh,1976,1141.6455377489328
Chandigarh,1977,277.61203350126743
Chandigarh,1978,1619.5160729587078
Chandigarh,1979,961.2290790453553
Chandigarh,1980,1059.8973758891225
Chandigarh,1981,1159.6463538706303
Chandigarh,1982,1311.3107258230448
Chandigarh,1983,1269.8928771913052
Chandigarh,1984,1027.5962645709515
Chandigarh,1985,1771.6549413949251
Chandigarh,1986,1241.6511298045516
Chandigarh,1987,990.7779175713658
Chandigarh,1988,1894.083713427186
Chandigarh,1989,1361.1159139350057
Chandigarh,1990,1925.584511294961
Chandigarh,1991,1093.6997038275003
Chandigarh,1992,1206.7432756721973
Chandigarh,1993,907.2308471649885
Chandigarh,1994,1327.3400001823902
Chandigarh,1995,1328.4702130407095
Chandigarh,1996,1440.0432878136635
Chandigarh,1997,1363.0104565247893
Chandigarh,1998,1438.1883561313152
Chandigarh,1999,1600.9281597137451
Chandigarh,2000,1243.1289034634829
Chandigarh,2001,1199.1332258060575
Chandigarh,2002,852.9067426994443
Chandigarh,2003,1352.1521679237485
Chandigarh,2004,850.533635944128
Chandigarh,2005,815.7165748029947
Chandigarh,2006,897.021963365376
Chandigarh,2007,1492.0158006995916
Chandigarh,2008,1449.6106003150344
Chandigarh,2009,1041.526791036129
Chandigarh,2010,1301.3822290301323
Chandigarh,2011,1515.4099419862032
Chandigarh,2012,1004.1745860725641
Chandigarh,2013,1025.8533013686538
Chandigarh,2014,819.2243755087256
Chandigarh,2015,824.4009547606111
Chandigarh,2016,575.253390185535
Chandigarh,2017,896.0250523537397
Chandigarh,2018,1078.2205705493689
Chandigarh,2019,934.745684735477
Chandigarh,2020,924.9763486087322
Chandigarh,2021,847.5790978744626
Chandigarh,2022,1258.1113435551524
Chandigarh,2023,1563.0754800569266
Chandigarh,2024,860.5098876953125
Chhattisgarh,1966,1068.3725828424488
Chhattisgarh,1967,1461.6126356202913
Chhattisgarh,1968,1195.820777977846
Chhattisgarh,1969,1210.1933528770348
Chhattisgarh,1970,1431.661195049631
Chhattisgarh,1971,1474.136828902599
Chhattisgarh,1972,1149.8959525618113
Chhattisgarh,1973,1448.1344877204222
Chhattisgarh,1974,931.4904767469748
Chhattisgarh,1975,1428.5308006542687
Chhattisgarh,1976,1269.462074798424
Chhattisgarh,1977,1385.9291045943764
Chhattisgarh,1978,1355.717657716337
Chhattisgarh,1979,910.8348070265039
Chhattisgarh,1980,1454.1574134324726
Chhattisgarh,1981,1177.8300622049524
Chhattisgarh,1982,1168.1410240258826
Chhattisgarh,1983,1342.2866132265642
Chhattisgarh,1984,1270.5982866682505
Chhattisgarh,1985,1238.7121791886264
Chhattisgarh,1986,1334.8878720082344
Chhattisgarh,1987,1144.981154040953
Chhattisgarh,1988,1230.8522995446858
Chhattisgarh,1989,1172.483826268778
Chhattisgarh,1990,1640.9925843559206
Chhattisgarh,1991,1199.0655797642705
Chhattisgarh,1992,1169.313164420465
Chhattisgarh,1993,1227.5477836834366
Chhattisgarh,1994,1803.4905749866837
Chhattisgarh,1995,1267.6416926547492
Chhattisgarh,1996,1156.7822807615526
Chhattisgarh,1997,1303.0407411252197
Chhattisgarh,1998,1286.3935629550563
Chhattisgarh,1999,1318.186026161517
Chhattisgarh,2000,973.3952324180618
Chhattisgarh,2001,1578.4506696697913
Chhattisgarh,2002,1025.7429625332356
Chhattisgarh,2003,1642.1682444474022
Chhattisgarh,2004,1141.4429203743214
Chhattisgarh,2005,1317.0445149753439
Chhattisgarh,2006,1415.3712174232069
Chhattisgarh,2007,1330.2746403828655
Chhattisgarh,2008,1248.515108875146
Chhattisgarh,2009,1001.1196523263658
Chhattisgarh,2010,1274.3745298291115
Chhattisgarh,2011,1305.3730619891694
Chhattisgarh,2012,1396.9058195857233
Chhattisgarh,2013,1408.4945128697707
Chhattisgarh,2014,1291.3820718163722
Chhattisgarh,2015,1136.2876200712042
Chhattisgarh,2016,1308.1353837418712
Chhattisgarh,2017,1121.8722414773154
Chhattisgarh,2018,1205.4972822045024
Chhattisgarh,2019,1402.9984139872618
Chhattisgarh,2020,1521.3062939501515
Chhattisgarh,2021,1271.3709685735796
Chhattisgarh,2022,1386.0651468928706
Chhattisgarh,2023,1251.2897288602392
Chhattisgarh,2024,1414.25
Dadra and Nagar Haveli and Daman and Diu,1966,1718.5448284447193
Dadra and Nagar Haveli and Daman and Diu,1967,1494.7068295031786
Dadra and Nagar Haveli and Daman and Diu,1968,2287.5978069379926
Dadra and Nagar Haveli and Daman and Diu,1969,2440.52668851614
Dadra and Nagar Haveli and Daman and Diu,1970,2641.5344527065754
Dadra and Nagar Haveli and Daman and Diu,1971,2222.3007594347
Dadra and Nagar Haveli and Daman and Diu,1972,1360.0393297225237
Dadra and Nagar Haveli and Daman and Diu,1973,2595.9744864851236
Dadra and Nagar Haveli and Daman and Diu,1974,1243.848854534328
Dadra and Nagar Haveli and Daman and Diu,1975,2387.8584957122803
Dadra and Nagar Haveli and Daman and Diu,1976,2674.8406933248043
Dadra and Nagar Haveli and Daman and Diu,1977,2251.340564072132
Dadra and Nagar Haveli and Daman and Diu,1978,1419.2327074930072
Dadra and Nagar Haveli and Daman and Diu,1979,1627.26027739048
Dadra and Nagar Haveli and Daman and Diu,1980,2282.7393795251846
Dadra and Nagar Haveli and Daman and Diu,1981,4123.632522195578
Dadra and Nagar Haveli and Daman and Diu,1982,2552.259979367256
Dadra and Nagar Haveli and Daman and Diu,1983,4074.385386273265
Dadra and Nagar Haveli and Daman and Diu,1984,1706.989652454853
Dadra and Nagar Haveli and Daman and Diu,1985,1735.8232856988907
Dadra and Nagar Haveli and Daman and Diu,1986,1622.4760488569736
Dadra and Nagar Haveli and Daman and Diu,1987,1621.00522878021
Dadra and Nagar Haveli and Daman and Diu,1988,2479.3499796688557
Dadra and Nagar Haveli and Daman and Diu,1989,1721.4067371562123
Dadra and Nagar Haveli and Daman and Diu,1990,2251.34666210413
Dadra and Nagar Haveli and Daman and Diu,1991,2069.242264300585
Dadra and Nagar Haveli and Daman and Diu,1992,1871.0647277832031
Dadra and Nagar Haveli and Daman and Diu,1993,2660.530012138188
Dadra and Nagar Haveli and Daman and Diu,1994,3604.5381059348583
Dadra and Nagar Haveli and Daman and Diu,1995,1674.9893867969513
Dadra and Nagar Haveli and Daman and Diu,1996,2036.4948176443577
Dadra and Nagar Haveli and Daman and Diu,1997,1950.3890112787485
Dadra and Nagar Haveli and Daman and Diu,1998,2123.5375656932592
Dadra and Nagar Haveli and Daman and Diu,1999,2015.6572321653366
Dadra and Nagar Haveli and Daman and Diu,2000,1616.953911587596
Dadra and Nagar Haveli and Daman and Diu,2001,1807.5571654886007
Dadra and Nagar Haveli and Daman and Diu,2002,1822.3746305704117
Dadra and Nagar Haveli and Daman and Diu,2003,2427.5434150397778
Dadra and Nagar Haveli and Daman and Diu,2004,2992.473607212305
Dadra and Nagar Haveli and Daman and Diu,2005,3419.105593726039
Dadra and Nagar Haveli and Daman and Diu,2006,2993.9101950973272
Dadra and Nagar Haveli and Daman and Diu,2007,2529.607169881463
Dadra and Nagar Haveli and Daman and Diu,2008,2617.0743007212877
Dadra and Nagar Haveli and Daman and Diu,2009,1775.5419346541166
Dadra and Nagar Haveli and Daman and Diu,2010,2595.6598357856274
Dadra and Nagar Haveli and Daman and Diu,2011,1871.4332130253315
Dadra and Nagar Haveli and Daman and Diu,2012,1730.3679517954588
Dadra and Nagar Haveli and Daman and Diu,2013,3102.1597525030375
Dadra and Nagar Haveli and Daman and Diu,2014,2401.574569389224
Dadra and Nagar Haveli and Daman and Diu,2015,1667.4780125170946
Dadra and Nagar Haveli and Daman and Diu,2016,2909.0412511229515
Dadra and Nagar Haveli and Daman and Diu,2017,3258.084236368537
Dadra and Nagar Haveli and Daman and Diu,2018,2146.265564098954
Dadra and Nagar Haveli and Daman and Diu,2019,3697.7577421963215
Dadra and Nagar Haveli and Daman and Diu,2020,2419.486537516117
Dadra and Nagar Haveli and Daman and Diu,2021,2945.4517795443535
Dadra and Nagar Haveli and Daman and Diu,2022,3564.670524120331
Dadra and Nagar Haveli and Daman and Diu,2023,2690.209421703592
Dadra and Nagar Haveli and Daman and Diu,2024,3267.116455078125
Delhi,1966,815.467075869441
Delhi,1967,1120.2724649359782
Delhi,1968,548.0115519265333
Delhi,1969,670.3614013145367
Delhi,1970,680.2327584475279
Delhi,1971,612.5635479440292
Delhi,1972,657.9882839818796
Delhi,1973,548.1177177925905
Delhi,1974,527.5582721307874
Delhi,1975,1203.322024020056
Delhi,1976,716.5163757577538
Delhi,1977,858.5951741933823
Delhi,1978,1025.9536245390773
Delhi,1979,410.97426569710177
Delhi,1980,483.28466394295293
Delhi,1981,484.7356161425511
Delhi,1982,655.8893048465252
Delhi,1983,946.8752154683074
Delhi,1984,624.6826722423235
Delhi,1985,542.6745782867074
Delhi,1986,370.9861727282405
Delhi,1987,346.49305354307097
Delhi,1988,909.1228922928373
Delhi,1989,353.39858836929005
Delhi,1990,830.4649115776023
Delhi,1991,692.0201766441265
Delhi,1992,541.3678913911184
Delhi,1993,820.1738000611464
Delhi,1994,817.3943551580111
Delhi,1995,971.5948156664768
Delhi,1996,898.2217615793148
Delhi,1997,578.6408808752894
Delhi,1998,654.628819723924
Delhi,1999,424.854418973128
Delhi,2000,596.8417797982693
Delhi,2001,615.6135930269957
Delhi,2002,562.1183873315653
Delhi,2003,1045.645325196286
Delhi,2004,600.8218769207597
Delhi,2005,507.99032998333377
Delhi,2006,376.62694206337136
Delhi,2007,313.22163061549264
Delhi,2008,327.71241954465705
Delhi,2009,316.3429065520565
Delhi,2010,716.0741892779866
Delhi,2011,588.3228427693248
Delhi,2012,448.25281589478254
Delhi,2013,628.1932839180032
Delhi,2014,380.45212122797966
Delhi,2015,627.0518859252334
Delhi,2016,461.7804893826445
Delhi,2017,450.9928068295121
Delhi,2018,515.1004059910774
Delhi,2019,455.40442400922376
Delhi,2020,553.9958394964536
Delhi,2021,901.0883964921037
Delhi,2022,640.3022542794546
Delhi,2023,728.6619813671956
Delhi,2024,663.4473876953125
Goa,1966,3124.3192544475196
Goa,1967,2523.3749812588094
Goa,1968,3037.4013382524254
Goa,1969,3273.597802551091
Goa,1970,4081.3997297391297
Goa,1971,1973.535961869359
Goa,1972,2242.9906783208253
Goa,1973,3116.666606889665
Goa,1974,3591.865575002134
Goa,1975,3801.316792204976
Goa,1976,2311.725324784219
Goa,1977,2810.661366389692
Goa,1978,3825.365307100117
Goa,1979,3272.926945076883
Goa,1980,4343.623743930459
Goa,1981,4711.062384742499
Goa,1982,4995.529336509108
Goa,1983,4655.360021841526
Goa,1984,3999.6071014299987
Goa,1985,3798.477816590667
Goa,1986,3091.482294668257
Goa,1987,3202.3924088746307
Goa,1988,4458.2856124356385
Goa,1989,4060.154847364128
Goa,1990,5235.169904208184
Goa,1991,4564.854520662129
Goa,1992,4518.55731447041
Goa,1993,4736.6095755741
Goa,1994,6697.51756362468
Goa,1995,3965.0122053682803
Goa,1996,4193.456848627329
Goa,1997,5310.682305085659
Goa,1998,3781.9071648821237
Goa,1999,4401.137020637095
Goa,2000,4085.316795144975
Goa,2001,3199.4856585621833
Goa,2002,3127.254075744748
Goa,2003,3726.872614187002
Goa,2004,3859.5191806823013
Goa,2005,4913.140288001299
Goa,2006,6230.335934947431
Goa,2007,4728.124907535314
Goa,2008,4129.9286403134465
Goa,2009,4146.228736439347
Goa,2010,3889.5356904402374
Goa,2011,4510.266228970885
Goa,2012,3509.516082896292
Goa,2013,4247.575425830483
Goa,2014,3891.94745862484
Goa,2015,2520.7002204567193
Goa,2016,2598.1255221098663
Goa,2017,2767.1721671715377
Goa,2018,3695.2002749979497
Goa,2019,4837.13582201451
Goa,2020,4577.190810920298
Goa,2021,4240.4232025459405
Goa,2022,3886.47097402513
Goa,2023,3788.2231053421738
Goa,2024,5526.11279296875
Gujarat,1966,506.2894225488183
Gujarat,1967,816.6963469049242
Gujarat,1968,491.60768621575994
Gujarat,1969,551.0748341917474
Gujarat,1970,1074.445060099673
Gujarat,1971,620.7750192763838
Gujarat,1972,357.9602081202344
Gujarat,1973,769.8127194335505
Gujarat,1974,299.2316286182139
Gujarat,1975,906.2231335691158
Gujarat,1976,1104.0461132911585
Gujarat,1977,896.4886897827668
Gujarat,1978,710.1696615236089
Gujarat,1979,886.8043356914951
Gujarat,1980,708.1317998698722
Gujarat,1981,884.4748220352247
Gujarat,1982,561.2890998401236
Gujarat,1983,992.7027924209833
Gujarat,1984,660.8408749497651
Gujarat,1985,429.8199913808105
Gujarat,1986,399.0308159380633
Gujarat,1987,240.52599231070303
Gujarat,1988,907.0382639197309
Gujarat,1989,646.4449441934357
Gujarat,1990,772.7138732138978
Gujarat,1991,415.2425680236754
Gujarat,1992,725.7933952378893
Gujarat,1993,604.4680825938761
Gujarat,1994,1136.0198775362726
Gujarat,1995,507.5549511020593
Gujarat,1996,639.0850662072136
Gujarat,1997,829.9693840662427
Gujarat,1998,800.8035840757738
Gujarat,1999,493.63788988375063
Gujarat,2000,439.14407811670577
Gujarat,2001,657.3057878597938
Gujarat,2002,456.7291212990362
Gujarat,2003,911.8056669911535
Gujarat,2004,741.1513018534163
Gujarat,2005,956.0868872338223
Gujarat,2006,1078.0220021593123
Gujarat,2007,1012.6308877397055
Gujarat,2008,726.3005453326584
Gujarat,2009,646.6358029006416
Gujarat,2010,1094.3457132205367
Gujarat,2011,1055.651119403311
Gujarat,2012,567.2403154455442
Gujarat,2013,1020.9523757955627
Gujarat,2014,632.5436996821328
Gujarat,2015,620.0778531303564
Gujarat,2016,634.4063652274001
Gujarat,2017,832.099444142381
Gujarat,2018,483.9192547794417
Gujarat,2019,1074.322786457923
Gujarat,2020,1112.4856361768364
Gujarat,2021,796.2228019780059
Gujarat,2022,940.916806487647
Gujarat,2023,903.2528390813485
Gujarat,2024,1138.2066650390625
Haryana,1966,716.017553875538
Haryana,1967,807.4948034583376
Haryana,1968,496.37295801226907
Haryana,1969,517.2841090017787
Haryana,1970,568.5129953732858
Haryana,1971,701.7759852365806
Haryana,1972,461.38399495895095
Haryana,1973,556.2063727700939
Haryana,1974,386.3617584447448
Haryana,1975,631.2433063915142
Haryana,1976,700.9714916121501
Haryana,1977,734.4290749744727
Haryana,1978,668.8596203024571
Haryana,1979,376.35082534322373
Haryana,1980,518.1502155682215
Haryana,1981,491.5064898034701
Haryana,1982,520.5990256646505
Haryana,1983,790.7716546344069
Haryana,1984,459.7434931447873
Haryana,1985,568.8916153676234
Haryana,1986,478.74999366574565
Haryana,1987,304.02981032809384
Haryana,1988,875.636493572822
Haryana,1989,418.4378246678756
Haryana,1990,756.0752305144301
Haryana,1991,419.6773232982709
Haryana,1992,462.4183413519309
Haryana,1993,561.5154440308993
Haryana,1994,618.0263721267764
Haryana,1995,866.2002233893826
Haryana,1996,672.1705773878556
Haryana,1997,656.7945859121588
Haryana,1998,752.6932025650373
Haryana,1999,374.6189601595585
Haryana,2000,442.76563947911444
Haryana,2001,482.8190817305675
Haryana,2002,383.7165587364481
Haryana,2003,591.8506851472533
Haryana,2004,517.1254139650326
Haryana,2005,584.8625745108494
Haryana,2006,403.4425808634896
Haryana,2007,552.1963435969674
Haryana,2008,752.7938148050354
Haryana,2009,465.89249862501254
Haryana,2010,691.616728140643
Haryana,2011,648.2805785344198
Haryana,2012,478.8183483414925
Haryana,2013,589.8418950617313
Haryana,2014,371.48649721684365
Haryana,2015,495.0547776425114
Haryana,2016,408.1733970737228
Haryana,2017,448.4683654054999
Haryana,2018,522.7489598626128
Haryana,2019,397.5731677800417
Haryana,2020,577.5390289083123
Haryana,2021,730.551805796073
Haryana,2022,709.2389086590364
Haryana,2023,610.3510033503426
Haryana,2024,511.6866455078125
Himachal Pradesh,1966,1262.730018643219
Himachal Pradesh,1967,1392.7516104617112
Himachal Pradesh,1968,1096.1114366918448
Himachal Pradesh,1969,1085.4722319107857
Himachal Pradesh,1970,1022.2666688464759
Himachal Pradesh,1971,1333.8138261172212
Himachal Pradesh,1972,865.3176802423384
Himachal Pradesh,1973,986.6917490830556
Himachal Pradesh,1974,850.8696094424952
Himachal Pradesh,1975,1163.6591514266495
Himachal Pradesh,1976,1133.1258090354856
Himachal Pradesh,1977,1246.3865303957746
Himachal Pradesh,1978,1411.8806822845447
Himachal Pradesh,1979,1030.0417365900994
Himachal Pradesh,1980,1144.7437199119124
Himachal Pradesh,1981,1221.0238682678234
Himachal Pradesh,1982,1576.8273079900869
Himachal Pradesh,1983,1193.1464411656239
Himachal Pradesh,1984,951.6323148966545
Himachal Pradesh,1985,1251.0599274240612
Himachal Pradesh,1986,1371.4446354483564
Himachal Pradesh,1987,1046.3367682451471
Himachal Pradesh,1988,1812.686666516321
Himachal Pradesh,1989,1225.5438088885553
Himachal Pradesh,1990,1482.711877907848
Himachal Pradesh,1991,1134.7704941869847
Himachal Pradesh,1992,1306.7496993639284
Himachal Pradesh,1993,1189.809692360106
Himachal Pradesh,1994,1405.0489779046427
Himachal Pradesh,1995,1450.9718158269923
Himachal Pradesh,1996,1473.898412217785
Himachal Pradesh,1997,1477.0240321536326
Himachal Pradesh,1998,1443.0505643605832
Himachal Pradesh,1999,996.8725563065991
Himachal Pradesh,2000,1010.1436288114637
Himachal Pradesh,2001,953.4601256145785
Himachal Pradesh,2002,969.799329910516
Himachal Pradesh,2003,875.0595031982022
Himachal Pradesh,2004,873.1964163293263
Himachal Pradesh,2005,1422.4390933173042
Himachal Pradesh,2006,1135.7971862181134
Himachal Pradesh,2007,1159.8118215900447
Himachal Pradesh,2008,1298.211923288891
Himachal Pradesh,2009,912.788794886587
Himachal Pradesh,2010,1356.0637549035073
Himachal Pradesh,2011,975.5648643092385
Himachal Pradesh,2012,944.4117784785727
Himachal Pradesh,2013,1412.6352451719522
Himachal Pradesh,2014,1097.394424716543
Himachal Pradesh,2015,1274.4419385148656
Himachal Pradesh,2016,1013.408652783948
Himachal Pradesh,2017,1226.6782281545125
Himachal Pradesh,2018,1155.781406870644
Himachal Pradesh,2019,1210.4872574632366
Himachal Pradesh,2020,985.2467871945174
Himachal Pradesh,2021,1057.1826321287524
Himachal Pradesh,2022,1103.329550380242
Himachal Pradesh,2023,1288.8712643468957
Himachal Pradesh,2024,1028.3092041015625
Jammu & Kashmir,1966,1175.803479866992
Jammu & Kashmir,1967,886.2397796709475
Jammu & Kashmir,1968,982.0535370435181
Jammu & Kashmir,1969,897.1445818677887
Jammu & Kashmir,1970,686.526609254637
Jammu & Kashmir,1971,669.8581883129717
Jammu & Kashmir,1972,1083.141983237246
Jammu & Kashmir,1973,893.1086640335706
Jammu & Kashmir,1974,824.375425386189
Jammu & Kashmir,1975,1217.4627955515666
Jammu & Kashmir,1976,1148.6988091460248
Jammu & Kashmir,1977,975.8834576211956
Jammu & Kashmir,1978,1063.1742068808312
Jammu & Kashmir,1979,1057.8783187680374
Jammu & Kashmir,1980,1033.2598739475354
Jammu & Kashmir,1981,1063.129011661842
Jammu & Kashmir,1982,1120.7837305677006
Jammu & Kashmir,1983,1295.0974919158837
Jammu & Kashmir,1984,966.0838222290421
Jammu & Kashmir,1985,1062.4459999999267
Jammu & Kashmir,1986,1433.6400966881506
Jammu & Kashmir,1987,1187.5978573636933
Jammu & Kashmir,1988,1444.4313026834493
Jammu & Kashmir,1989,1204.781070422424
Jammu & Kashmir,1990,1442.1435937745305
Jammu & Kashmir,1991,1292.5559121764254
Jammu & Kashmir,1992,1269.597652716027
Jammu & Kashmir,1993,1172.1753973081366
Jammu & Kashmir,1994,1500.0986221990195
Jammu & Kashmir,1995,1439.8068714479264
Jammu & Kashmir,1996,1525.4671749409245
Jammu & Kashmir,1997,1344.519231740685
Jammu & Kashmir,1998,1196.2118966750716
Jammu & Kashmir,1999,876.4424749961358
Jammu & Kashmir,2000,881.0830214867133
Jammu & Kashmir,2001,837.3879295069424
Jammu & Kashmir,2002,862.6788206508105
Jammu & Kashmir,2003,1215.1416738277364
Jammu & Kashmir,2004,972.5061552802892
Jammu & Kashmir,2005,1240.4776957224326
Jammu & Kashmir,2006,1255.6942393845698
Jammu & Kashmir,2007,890.102018984998
Jammu & Kashmir,2008,1140.426874005846
Jammu & Kashmir,2009,1083.1774181810947
Jammu & Kashmir,2010,1279.2144564590578
Jammu & Kashmir,2011,1251.8189508948346
Jammu & Kashmir,2012,1176.1378544689767
Jammu & Kashmir,2013,1290.8327523180465
Jammu & Kashmir,2014,1439.788355628992
Jammu & Kashmir,2015,1645.5301172417298
Jammu & Kashmir,2016,913.5692724703715
Jammu & Kashmir,2017,1294.016034159424
Jammu & Kashmir,2018,1079.8133985967986
Jammu & Kashmir,2019,1485.2185225230696
Jammu & Kashmir,2020,1136.3988726026882
Jammu & Kashmir,2021,1069.7370801695633
Jammu & Kashmir,2022,1123.1720039478835
Jammu & Kashmir,2023,1100.4622349427173
Jammu & Kashmir,2024,911.5586547851562
Jharkhand,1966,876.6127062916363
Jharkhand,1967,1168.7367310401119
Jharkhand,1968,1280.5784298862543
Jharkhand,1969,1179.5197623379267
Jharkhand,1970,1240.4247746775418
Jharkhand,1971,1836.9880907523789
Jharkhand,1972,1079.4171398838885
Jharkhand,1973,1493.135683623257
Jharkhand,1974,1107.8154372408856
Jharkhand,1975,1360.8685378436849
Jharkhand,1976,1160.9834659754445
Jharkhand,1977,1521.0478173462968
Jharkhand,1978,1563.5934621204801
Jharkhand,1979,946.6326668982051
Jharkhand,1980,1413.8640370091848
Jharkhand,1981,1219.0977617802196
Jharkhand,1982,1094.1625855261166
Jharkhand,1983,1266.3222835842323
Jharkhand,1984,1526.2235846222754
Jharkhand,1985,1268.1004660345222
Jharkhand,1986,1359.4715697872534
Jharkhand,1987,1382.5350256636086
Jharkhand,1988,1195.795725160262
Jharkhand,1989,1178.367729254786
Jharkhand,1990,1401.6095185419053
Jharkhand,1991,1286.8934848787621
Jharkhand,1992,953.84957663277
Jharkhand,1993,1261.6984990887474
Jharkhand,1994,1499.1348752455883
Jharkhand,1995,1393.0149654141512
Jharkhand,1996,1216.7510136654764
Jharkhand,1997,1505.5388300339773
Jharkhand,1998,1376.182257833711
Jharkhand,1999,1611.7501125852004
Jharkhand,2000,1292.1363824953635
Jharkhand,2001,1311.8040237899936
Jharkhand,2002,1181.0272241015184
Jharkhand,2003,1296.0933846265993
Jharkhand,2004,1197.6104892134144
Jharkhand,2005,994.106489349222
Jharkhand,2006,1412.96695691602
Jharkhand,2007,1501.0498569901836
Jharkhand,2008,1357.5919730368544
Jharkhand,2009,1018.6892110374674
Jharkhand,2010,825.4020160334021
Jharkhand,2011,1302.9917708232083
Jharkhand,2012,1175.5414717266042
Jharkhand,2013,1346.8163077516253
Jharkhand,2014,1154.3358235621922
Jharkhand,2015,1141.8222764816069
Jharkhand,2016,1231.777075886465
Jharkhand,2017,1237.8369308356523
Jharkhand,2018,959.4735519884056
Jharkhand,2019,1165.9073950484265
Jharkhand,2020,1266.1349609639954
Jharkhand,2021,1470.0399754293785
Jharkhand,2022,1011.01591219655
Jharkhand,2023,1111.3712238859332
Jharkhand,2024,1308.306884765625
Karnataka,1966,991.6361601998801
Karnataka,1967,940.7433177655334
Karnataka,1968,998.5799711798079
Karnataka,1969,1087.4826331772647
Karnataka,1970,1088.3443572591298
Karnataka,1971,947.7185260979495
Karnataka,1972,891.2658726604207
Karnataka,1973,1022.6778337582357
Karnataka,1974,1045.169292478988
Karnataka,1975,1358.0854170324185
Karnataka,1976,766.9304801223307
Karnataka,1977,1114.896473580169
Karnataka,1978,1190.7310761415029
Karnataka,1979,1067.5514313317394
Karnataka,1980,1078.990303958505
Karnataka,1981,1176.1514367389939
Karnataka,1982,1045.7822498963637
Karnataka,1983,1119.4356985306845
Karnataka,1984,980.7139864799533
Karnataka,1985,807.0141435327973
Karnataka,1986,925.7402274922538
Karnataka,1987,934.0069461512295
Karnataka,1988,1060.9450714639113
Karnataka,1989,914.9000213066403
Karnataka,1990,1006.7362994162049
Karnataka,1991,1100.9533029630663
Karnataka,1992,1087.4210280616705
Karnataka,1993,1002.6858336059413
Karnataka,1994,1070.5723492567954
Karnataka,1995,922.3875843372505
Karnataka,1996,1035.4959147846687
Karnataka,1997,1063.9383682830944
Karnataka,1998,1114.1270251588624
Karnataka,1999,1055.3827971801927
Karnataka,2000,1055.0812735861764
Karnataka,2001,878.1054743099295
Karnataka,2002,758.5497233927721
Karnataka,2003,742.8943892833685
Karnataka,2004,1008.6005121008033
Karnataka,2005,1209.4033142728767
Karnataka,2006,993.2048288251572
Karnataka,2007,1179.6540004289727
Karnataka,2008,1054.9850239755197
Karnataka,2009,1213.405950685352
Karnataka,2010,1253.5033521187222
Karnataka,2011,1231.194659264103
Karnataka,2012,1119.3086255591495
Karnataka,2013,1139.6777397692204
Karnataka,2014,1153.8007930872645
Karnataka,2015,1002.4543859730124
Karnataka,2016,803.8408807330276
Karnataka,2017,1056.3753959057124
Karnataka,2018,1024.8566145686057
Karnataka,2019,1291.4296170205703
Karnataka,2020,1329.9178710121942
Karnataka,2021,1371.1198345526404
Karnataka,2022,1456.6528295957642
Karnataka,2023,858.6710874463795
Karnataka,2024,1234.146484375
Kerala,1966,2453.717496958822
Kerala,1967,2355.278282802254
Kerala,1968,3013.9611576987804
Kerala,1969,2540.773223515153
Kerala,1970,2457.26761024937
Kerala,1971,2797.1111899337175
Kerala,1972,2474.2090773764253
Kerala,1973,2275.4980414491893
Kerala,1974,2493.2867579080166
Kerala,1975,3045.7324765771627
Kerala,1976,2016.425624987185
Kerala,1977,2760.1526618857683
Kerala,1978,2898.349568576664
Kerala,1979,2505.9252272482217
Kerala,1980,2709.0189177010952
Kerala,1981,2937.5319918076693
Kerala,1982,2025.3663824744522
Kerala,1983,2331.0536067830026
Kerala,1984,2652.133587410599
Kerala,1985,2185.6027174024284
Kerala,1986,1887.7605424180626
Kerala,1987,1743.782497767061
Kerala,1988,1978.684656688422
Kerala,1989,2045.7537149563432
Kerala,1990,2275.587289112508
Kerala,1991,2679.092111221552
Kerala,1992,2901.672379953712
Kerala,1993,2345.6116368322073
Kerala,1994,2973.686990774721
Kerala,1995,2511.3394906768203
Kerala,1996,2357.55161878556
Kerala,1997,2952.61722087577
Kerala,1998,2864.141135579199
Kerala,1999,2635.3539353366195
Kerala,2000,2310.345158341974
Kerala,2001,2288.1039384303986
Kerala,2002,1953.7741105124355
Kerala,2003,1848.681627803296
Kerala,2004,2426.678638499081
Kerala,2005,2410.621948266178
Kerala,2006,2978.4951565265656
Kerala,2007,3022.912371383756
Kerala,2008,2474.7122731040417
Kerala,2009,2655.288750707656
Kerala,2010,2738.599740922153
Kerala,2011,2537.309128655493
Kerala,2012,1867.8375330077113
Kerala,2013,2840.704881974161
Kerala,2014,2715.3927002856135
Kerala,2015,2327.9270766843856
Kerala,2016,1590.2641249534488
Kerala,2017,2320.001515806913
Kerala,2018,3298.5319815434514
Kerala,2019,2845.2430956333874
Kerala,2020,2712.7233676573633
Kerala,2021,3291.500928722471
Kerala,2022,2882.264233010709
Kerala,2023,2267.5847690977203
Kerala,2024,2791.688232421875
Ladakh,1966,431.1962263983657
Ladakh,1967,362.60821357959844
Ladakh,1968,349.49193954214735
Ladakh,1969,371.26885615426977
Ladakh,1970,296.4391233853012
Ladakh,1971,279.4382941751829
Ladakh,1972,524.7617621501381
Ladakh,1973,438.8347861330464
Ladakh,1974,500.3400086172347
Ladakh,1975,586.2945242098762
Ladakh,1976,736.4753680215691
Ladakh,1977,704.6349163612387
Ladakh,1978,851.8897687626335
Ladakh,1979,837.2759291622998
Ladakh,1980,919.1805764602884
Ladakh,1981,512.8312674363829
Ladakh,1982,1054.3041238132232
Ladakh,1983,1060.3238568705208
Ladakh,1984,879.7217295810299
Ladakh,1985,881.120406113087
Ladakh,1986,1223.8944285300543
Ladakh,1987,998.255941545907
Ladakh,1988,1333.4341372948772
Ladakh,1989,1052.5595394536572
Ladakh,1990,1096.8472476071624
Ladakh,1991,884.3422172688088
Ladakh,1992,1005.3114559047065
Ladakh,1993,1035.420059305317
Ladakh,1994,1205.8390840643137
Ladakh,1995,1269.1462917708845
Ladakh,1996,1480.729024161539
Ladakh,1997,1165.1536730968446
Ladakh,1998,445.84275034711044
Ladakh,1999,390.6096062338296
Ladakh,2000,401.7337097040606
Ladakh,2001,393.3448277242903
Ladakh,2002,502.7321371091987
Ladakh,2003,600.1335187389603
Ladakh,2004,436.05958299442847
Ladakh,2005,631.1687682787483
Ladakh,2006,1226.2274647304191
Ladakh,2007,371.032573288904
Ladakh,2008,495.86015925283704
Ladakh,2009,641.3009779628155
Ladakh,2010,522.7154048462521
Ladakh,2011,953.1236867978045
Ladakh,2012,1001.6522494719557
Ladakh,2013,432.8916835735429
Ladakh,2014,476.20241932334767
Ladakh,2015,600.8572362086402
Ladakh,2016,318.5990725603306
Ladakh,2017,450.2444894443705
Ladakh,2018,337.7537523082686
Ladakh,2019,561.4531734542184
Ladakh,2020,379.0674126046165
Ladakh,2021,287.46686318809134
Ladakh,2022,291.5916105089604
Ladakh,2023,246.64579373142848
Ladakh,2024,301.5484619140625
Lakshadweep,1966,
Lakshadweep,1967,
Lakshadweep,1968,
Lakshadweep,1969,
Lakshadweep,1970,
Lakshadweep,1971,
Lakshadweep,1972,
Lakshadweep,1973,
Lakshadweep,1974,
Lakshadweep,1975,
Lakshadweep,1976,
Lakshadweep,1977,
Lakshadweep,1978,
Lakshadweep,1979,
Lakshadweep,1980,
Lakshadweep,1981,
Lakshadweep,1982,
Lakshadweep,1983,
Lakshadweep,1984,
Lakshadweep,1985,
Lakshadweep,1986,
Lakshadweep,1987,
Lakshadweep,1988,
Lakshadweep,1989,
Lakshadweep,1990,
Lakshadweep,1991,
Lakshadweep,1992,
Lakshadweep,1993,
Lakshadweep,1994,
Lakshadweep,1995,
Lakshadweep,1996,
Lakshadweep,1997,
Lakshadweep,1998,
Lakshadweep,1999,
Lakshadweep,2000,
Lakshadweep,2001,
Lakshadweep,2002,
Lakshadweep,2003,
Lakshadweep,2004,
Lakshadweep,2005,
Lakshadweep,2006,
Lakshadweep,2007,
Lakshadweep,2008,
Lakshadweep,2009,
Lakshadweep,2010,
Lakshadweep,2011,
Lakshadweep,2012,
Lakshadweep,2013,
Lakshadweep,2014,
Lakshadweep,2015,
Lakshadweep,2016,
Lakshadweep,2017,
Lakshadweep,2018,
Lakshadweep,2019,
Lakshadweep,2020,
Lakshadweep,2021,
Lakshadweep,2022,
Lakshadweep,2023,
Lakshadweep,2024,
Madhya Pradesh,1966,755.0339059324331
Madhya Pradesh,1967,1166.5993414650327
Madhya Pradesh,1968,915.1641856414441
Madhya Pradesh,1969,1173.1445323500152
Madhya Pradesh,1970,1201.3634411066294
Madhya Pradesh,1971,1282.191574487478
Madhya Pradesh,1972,893.4585422516958
Madhya Pradesh,1973,1326.9029426083785
Madhya Pradesh,1974,905.9546307929064
Madhya Pradesh,1975,1228.449200415346
Madhya Pradesh,1976,1024.129786807193
Madhya Pradesh,1977,1175.4574114326472
Madhya Pradesh,1978,1166.4342549620153
Madhya Pradesh,1979,768.8597676203029
Madhya Pradesh,1980,1086.795541932968
Madhya Pradesh,1981,935.3264552469293
Madhya Pradesh,1982,1061.7365650180132
Madhya Pradesh,1983,1164.9392303912198
Madhya Pradesh,1984,976.6655529102472
Madhya Pradesh,1985,1014.2276448311803
Madhya Pradesh,1986,998.9302903160827
Madhya Pradesh,1987,937.9510345380567
Madhya Pradesh,1988,1017.4730045479046
Madhya Pradesh,1989,834.3541989726733
Madhya Pradesh,1990,1262.0732443673733
Madhya Pradesh,1991,874.6507097293014
Madhya Pradesh,1992,888.6160677632479
Madhya Pradesh,1993,1083.9198377965417
Madhya Pradesh,1994,1341.319711631972
Madhya Pradesh,1995,943.5211516791895
Madhya Pradesh,1996,1052.0488654685516
Madhya Pradesh,1997,1181.0024027584045
Madhya Pradesh,1998,996.4187867830946
Madhya Pradesh,1999,1253.2867536824792
Madhya Pradesh,2000,747.3651395943441
Madhya Pradesh,2001,984.9773747002425
Madhya Pradesh,2002,807.7211938830748
Madhya Pradesh,2003,1178.5190906661253
Madhya Pradesh,2004,895.5445704924699
Madhya Pradesh,2005,1014.1709316117034
Madhya Pradesh,2006,1018.8336244717955
Madhya Pradesh,2007,758.1515891014441
Madhya Pradesh,2008,902.0178248184525
Madhya Pradesh,2009,919.0835846462988
Madhya Pradesh,2010,840.9360617791307
Madhya Pradesh,2011,1143.047321517769
Madhya Pradesh,2012,1028.8245700508287
Madhya Pradesh,2013,1457.520341912089
Madhya Pradesh,2014,903.8866051187118
Madhya Pradesh,2015,1000.1250484140428
Madhya Pradesh,2016,1186.497187565672
Madhya Pradesh,2017,784.0854229378986
Madhya Pradesh,2018,865.4117451091233
Madhya Pradesh,2019,1407.4782606550923
Madhya Pradesh,2020,1098.9308437441719
Madhya Pradesh,2021,1098.5189621037205
Madhya Pradesh,2022,1319.0610551413608
Madhya Pradesh,2023,1075.1869372371752
Madhya Pradesh,2024,1216.9188232421875
Maharashtra,1966,1009.7246625181465
Maharashtra,1967,1108.0879808276181
Maharashtra,1968,961.733590543412
Maharashtra,1969,1130.3652815012526
Maharashtra,1970,1251.9934942388818
Maharashtra,1971,924.220869159663
Maharashtra,1972,675.2216957618792
Maharashtra,1973,1180.456211661654
Maharashtra,1974,982.592167543815
Maharashtra,1975,1340.1715933404507
Maharashtra,1976,1109.9922996889445
Maharashtra,1977,1136.8880849749914
Maharashtra,1978,1158.5205449900989
Maharashtra,1979,1126.0542630838852
Maharashtra,1980,1097.413255839103
Maharashtra,1981,1204.6940995853927
Maharashtra,1982,926.8601088553312
Maharashtra,1983,1319.6856719408893
Maharashtra,1984,906.5785311262167
Maharashtra,1985,922.9921089140787
Maharashtra,1986,948.2399454464515
Maharashtra,1987,967.9984091535565
Maharashtra,1988,1326.361976623482
Maharashtra,1989,1119.154052033648
Maharashtra,1990,1443.3329349503276
Maharashtra,1991,996.8309716593474
Maharashtra,1992,1059.6524091738497
Maharashtra,1993,1168.8423601890604
Maharashtra,1994,1264.9508147686897
Maharashtra,1995,1053.6610979898167
Maharashtra,1996,1060.79855675025
Maharashtra,1997,1153.9478395278254
Maharashtra,1998,1277.935797954812
Maharashtra,1999,1141.4441685114766
Maharashtra,2000,957.6793119524384
Maharashtra,2001,1034.6430757584671
Maharashtra,2002,960.9575567775894
Maharashtra,2003,1022.2158324603346
Maharashtra,2004,1034.589906479915
Maharashtra,2005,1518.6890232021256
Maharashtra,2006,1414.536268833794
Maharashtra,2007,1218.7869588379172
Maharashtra,2008,970.9224183420872
Maharashtra,2009,1069.4674723278376
Maharashtra,2010,1325.6473327177266
Maharashtra,2011,1073.41748825003
Maharashtra,2012,991.0709493613136
Maharashtra,2013,1377.1059685113707
Maharashtra,2014,998.4083075822819
Maharashtra,2015,875.9524825452694
Maharashtra,2016,1231.8499227136729
Maharashtra,2017,1093.62562132884
Maharashtra,2018,960.1760541920152
Maharashtra,2019,1472.933889151134
Maharashtra,2020,1305.3834721011597
Maharashtra,2021,1373.8222309164526
Maharashtra,2022,1375.1223878985004
Maharashtra,2023,1066.468905040038
Maharashtra,2024,1375.80859375
Manipur,1966,1829.7977845988446
Manipur,1967,1333.6746329047508
Manipur,1968,1263.7111173337025
Manipur,1969,1311.9408033557477
Manipur,1970,1361.8731520026922
Manipur,1971,2069.331539733996
Manipur,1972,872.6106684392979
Manipur,1973,1622.7615056660386
Manipur,1974,2094.233676558781
Manipur,1975,1944.8746600393806
Manipur,1976,1816.4681769349884
Manipur,1977,1977.2186085156375
Manipur,1978,1181.8577965132652
Manipur,1979,1107.5258472756514
Manipur,1980,1605.8768136671954
Manipur,1981,1252.0563710315093
Manipur,1982,1876.0732450192013
Manipur,1983,1976.7256867986532
Manipur,1984,1764.5482188987155
Manipur,1985,1689.700149870688
Manipur,1986,1557.2271568895349
Manipur,1987,1585.3829731200972
Manipur,1988,1493.068168030631
Manipur,1989,1747.4098959579583
Manipur,1990,1846.9943571511296
Manipur,1991,2322.8229174058765
Manipur,1992,1441.3211688286353
Manipur,1993,1942.9086330047537
Manipur,1994,1306.4006924199
Manipur,1995,1553.3672435687433
Manipur,1996,1449.9925422579531
Manipur,1997,1446.638455354158
Manipur,1998,1450.9279918968678
Manipur,1999,1426.8424715056053
Manipur,2000,1461.8721235271903
Manipur,2001,1408.6820816541872
Manipur,2002,1409.1567570723353
Manipur,2003,1308.2920216422888
Manipur,2004,2169.0837473568895
Manipur,2005,1508.5665577585178
Manipur,2006,1216.2462881260342
Manipur,2007,1672.0910281440424
Manipur,2008,1435.4120838231136
Manipur,2009,1164.4863753167372
Manipur,2010,1823.517164642532
Manipur,2011,1628.490428274197
Manipur,2012,1486.0691577489338
Manipur,2013,1525.8862558216338
Manipur,2014,1128.7982129928084
Manipur,2015,1403.5277957961925
Manipur,2016,1646.8186924255663
Manipur,2017,2083.6052629644832
Manipur,2018,1383.8794111669545
Manipur,2019,1025.4101617874637
Manipur,2020,1347.3968897536397
Manipur,2021,947.1836662210765
Manipur,2022,1403.7346457480903
Manipur,2023,955.1812310940152
Manipur,2024,1454.6610107421875
Meghalaya,1966,2633.555618945509
Meghalaya,1967,1703.9226495774928
Meghalaya,1968,2186.5801413967274
Meghalaya,1969,1871.7182678712998
Meghalaya,1970,2574.1438673401717
Meghalaya,1971,3859.773340453161
Meghalaya,1972,3534.6266087817494
Meghalaya,1973,4544.402716180077
Meghalaya,1974,7293.157543138601
Meghalaya,1975,4596.514092770172
Meghalaya,1976,3133.2029152172618
Meghalaya,1977,4016.3940267043654
Meghalaya,1978,2634.871920150472
Meghalaya,1979,4019.7744951255154
Meghalaya,1980,3168.2324744551443
Meghalaya,1981,3126.3722825862933
Meghalaya,1982,4087.607990046032
Meghalaya,1983,3102.60505915829
Meghalaya,1984,4481.464061492588
Meghalaya,1985,4406.7224391729105
Meghalaya,1986,4601.395984855015
Meghalaya,1987,5373.533129661344
Meghalaya,1988,5731.7201416790485
Meghalaya,1989,4600.6400812629145
Meghalaya,1990,4244.548123668414
Meghalaya,1991,4401.378711662721
Meghalaya,1992,3366.0407924919855
Meghalaya,1993,4544.607086188858
Meghalaya,1994,3317.552289807005
Meghalaya,1995,4432.318478280678
Meghalaya,1996,3692.085736086592
Meghalaya,1997,4108.03939442453
Meghalaya,1998,5478.6038130191155
Meghalaya,1999,2148.4593398584984
Meghalaya,2000,2182.5039415003266
Meghalaya,2001,4193.626368294237
Meghalaya,2002,4655.564789246768
Meghalaya,2003,4404.065966294147
Meghalaya,2004,2563.8802468525246
Meghalaya,2005,4230.916660018964
Meghalaya,2006,1582.6200517700054
Meghalaya,2007,4414.2536886697635
Meghalaya,2008,3062.3091286113486
Meghalaya,2009,2856.871529118158
Meghalaya,2010,5377.993951163953
Meghalaya,2011,1493.731949628098
Meghalaya,2012,1886.6271803588606
Meghalaya,2013,3157.9758375657257
Meghalaya,2014,4154.075481756823
Meghalaya,2015,5014.354768990306
Meghalaya,2016,3983.2019192252774
Meghalaya,2017,4706.06095451978
Meghalaya,2018,2944.361031485256
Meghalaya,2019,4098.381288122386
Meghalaya,2020,5543.723268556176
Meghalaya,2021,3878.3075387489516
Meghalaya,2022,5683.9771677895915
Meghalaya,2023,3353.865656263548
Meghalaya,2024,4091.1943359375
Mizoram,1966,1677.00692936367
Mizoram,1967,1377.2258252301092
Mizoram,1968,1174.57799238429
Mizoram,1969,1328.2172757063447
Mizoram,1970,1403.0572358035836
Mizoram,1971,1787.0728653564022
Mizoram,1972,1308.146745742395
Mizoram,1973,1859.422720969751
Mizoram,1974,1792.625238707867
Mizoram,1975,1767.4013602209502
Mizoram,1976,2118.983979229526
Mizoram,1977,2199.04466915182
Mizoram,1978,1953.8193526704763
Mizoram,1979,1634.372120554848
Mizoram,1980,2337.8732745662846
Mizoram,1981,1884.747406293863
Mizoram,1982,1574.9605276458735
Mizoram,1983,2251.497031316675
Mizoram,1984,1930.7824365874303
Mizoram,1985,2035.0860224594844
Mizoram,1986,1791.2461222772454
Mizoram,1987,2144.1262063669233
Mizoram,1988,2296.0637563844693
Mizoram,1989,2247.5638727553446
Mizoram,1990,2601.538233972572
Mizoram,1991,2893.0038370978214
Mizoram,1992,1817.5677783129545
Mizoram,1993,2876.121349049796
Mizoram,1994,928.2177902203182
Mizoram,1995,1924.6662915444065
Mizoram,1996,1625.1757882561149
Mizoram,1997,2084.1158480366757
Mizoram,1998,2092.617186486721
Mizoram,1999,1982.2145370095968
Mizoram,2000,2466.783427950123
Mizoram,2001,2191.6337443844513
Mizoram,2002,1840.1665859458776
Mizoram,2003,2015.685573740509
Mizoram,2004,2147.6404396624403
Mizoram,2005,1701.722428458518
Mizoram,2006,1568.4621278623056
Mizoram,2007,3057.813150136635
Mizoram,2008,1972.628873985903
Mizoram,2009,1905.513451160799
Mizoram,2010,2840.2662559023192
Mizoram,2011,1669.7972729239484
Mizoram,2012,1844.7731474982254
Mizoram,2013,1775.7250403060482
Mizoram,2014,1627.0253844186664
Mizoram,2015,2017.0385038469885
Mizoram,2016,2320.4150972081156
Mizoram,2017,3857.9568004692937
Mizoram,2018,2596.21802524246
Mizoram,2019,1832.0400141205253
Mizoram,2020,1707.6485252758039
Mizoram,2021,1821.5052866653123
Mizoram,2022,1998.893069106957
Mizoram,2023,1678.2006489289693
Mizoram,2024,1819.6571044921875
Nagaland,1966,2380.502163820565
Nagaland,1967,1891.404860585332
Nagaland,1968,1750.0068211963774
Nagaland,1969,1653.2597804552317
Nagaland,1970,1448.7750883248448
Nagaland,1971,1844.0265642759205
Nagaland,1972,1581.8154866340756
Nagaland,1973,1643.5149382206798
Nagaland,1974,2183.3693004003167
Nagaland,1975,1815.806949251294
Nagaland,1976,1891.3238923165202
Nagaland,1977,1661.445260347724
Nagaland,1978,1140.345365321636
Nagaland,1979,1042.7105650058388
Nagaland,1980,1613.8811662453413
Nagaland,1981,1771.635391612351
Nagaland,1982,1432.7578116771579
Nagaland,1983,1530.9817682778835
Nagaland,1984,1736.3212271854281
Nagaland,1985,1350.9354539075493
Nagaland,1986,1143.5608386683464
Nagaland,1987,1714.1131494125723
Nagaland,1988,1705.0444852778317
Nagaland,1989,1880.3548820838332
Nagaland,1990,2151.5277482420206
Nagaland,1991,2138.684095378518
Nagaland,1992,2079.9890174457432
Nagaland,1993,2066.137132397294
Nagaland,1994,1520.4723221969605
Nagaland,1995,1448.9935191211105
Nagaland,1996,1572.9216610231995
Nagaland,1997,1631.2017724838852
Nagaland,1998,1761.311579928398
Nagaland,1999,1852.0868999758363
Nagaland,2000,1722.2289826741815
Nagaland,2001,1571.4007652392984
Nagaland,2002,1446.8065725100041
Nagaland,2003,1822.5624464040995
Nagaland,2004,1991.8723275882005
Nagaland,2005,1683.3856703609229
Nagaland,2006,1398.615776283443
Nagaland,2007,1979.0723746564984
Nagaland,2008,1791.6820495221018
Nagaland,2009,1578.5785471436382
Nagaland,2010,1933.3325532561541
Nagaland,2011,1754.8615656092763
Nagaland,2012,1532.1354067909717
Nagaland,2013,1632.9789219209551
Nagaland,2014,1386.9125035756826
Nagaland,2015,1552.7187033218145
Nagaland,2016,1935.664603137374
Nagaland,2017,1894.559423326552
Nagaland,2018,1729.699833444953
Nagaland,2019,1423.4426072144508
Nagaland,2020,1507.0259733223916
Nagaland,2021,1019.0814785191417
Nagaland,2022,1523.9031927901506
Nagaland,2023,1714.190728357965
Nagaland,2024,1907.3458251953125
Odisha,1966,1209.7256387100658
Odisha,1967,1440.8085848950195
Odisha,1968,1388.53684376225
Odisha,1969,1283.460065694112
Odisha,1970,1347.057465735961
Odisha,1971,1604.8994412515312
Odisha,1972,1275.4072162978075
Odisha,1973,1577.8086700289061
Odisha,1974,980.8627219778934
Odisha,1975,1352.4373248006666
Odisha,1976,1205.8291887512637
Odisha,1977,1473.5078677185984
Odisha,1978,1436.2534916064599
Odisha,1979,990.1393497269256
Odisha,1980,1454.7345689770386
Odisha,1981,1346.9830573674428
Odisha,1982,1283.7948724802377
Odisha,1983,1419.577963626702
Odisha,1984,1394.3387678648794
Odisha,1985,1597.646933592856
Odisha,1986,1602.2167064524083
Odisha,1987,1127.0727601240355
Odisha,1988,1329.03848659599
Odisha,1989,1323.573301821671
Odisha,1990,1920.1435285240964
Odisha,1991,1539.2143900412032
Odisha,1992,1454.7470692334075
Odisha,1993,1435.2311472311892
Odisha,1994,1715.8742073368005
Odisha,1995,1682.432733527833
Odisha,1996,1086.594889845837
Odisha,1997,1527.3427289339404
Odisha,1998,1355.4999104859307
Odisha,1999,1493.1821492372978
Odisha,2000,1106.3127944469452
Odisha,2001,1766.5590809745784
Odisha,2002,1167.2235597658696
Odisha,2003,1705.47092219825
Odisha,2004,1260.8507370284103
Odisha,2005,1570.069973361437
Odisha,2006,1760.3597293203284
Odisha,2007,1722.1905515962108
Odisha,2008,1633.615177823196
Odisha,2009,1303.4898398461994
Odisha,2010,1301.0830648791873
Odisha,2011,1417.086515120472
Odisha,2012,1434.1923714618854
Odisha,2013,1678.8605390450468
Odisha,2014,1549.640648715405
Odisha,2015,1210.1271632289238
Odisha,2016,1261.7285051334443
Odisha,2017,1348.7278574364673
Odisha,2018,1626.0614129207959
Odisha,2019,1600.9218407752405
Odisha,2020,1612.5542381119535
Odisha,2021,1476.2334185867674
Odisha,2022,1462.5417721601273
Odisha,2023,1408.4610983692774
Odisha,2024,1347.9420166015625
Puducherry,1966,1461.8405133858323
Puducherry,1967,1315.8383486121893
Puducherry,1968,713.111120056361
Puducherry,1969,1717.7112263441086
Puducherry,1970,1518.1942649260163
Puducherry,1971,1505.6584891453385
Puducherry,1972,1482.0000452846289
Puducherry,1973,1019.3841433376074
Puducherry,1974,644.0013009123504
Puducherry,1975,1282.636589113623
Puducherry,1976,1324.9748254977167
Puducherry,1977,1635.3314824029803
Puducherry,1978,1655.6396162733436
Puducherry,1979,1262.1957327872515
Puducherry,1980,776.6503587253392
Puducherry,1981,1241.494493264705
Puducherry,1982,736.5520078502595
Puducherry,1983,1655.9159116148949
Puducherry,1984,1601.761242914945
Puducherry,1985,1612.742220774293
Puducherry,1986,1072.5764357037842
Puducherry,1987,1402.647328030318
Puducherry,1988,772.7027449570596
Puducherry,1989,770.8983710445464
Puducherry,1990,1262.2134200781584
Puducherry,1991,1164.2047263085842
Puducherry,1992,686.6223543770611
Puducherry,1993,1431.4898321591318
Puducherry,1994,1000.266701862216
Puducherry,1995,1005.200816642493
Puducherry,1996,1477.8389865607023
Puducherry,1997,1385.9401990957558
Puducherry,1998,1250.3257504962385
Puducherry,1999,701.6690120100975
Puducherry,2000,815.3007127121091
Puducherry,2001,327.37714418396354
Puducherry,2002,293.5621431879699
Puducherry,2003,277.10083854198456
Puducherry,2004,1494.1209990493953
Puducherry,2005,1802.637125454843
Puducherry,2006,1136.7083487026393
Puducherry,2007,1043.0408008359373
Puducherry,2008,1776.6437096893787
Puducherry,2009,1760.8827626220882
Puducherry,2010,1644.5194505043328
Puducherry,2011,1677.6012720167637
Puducherry,2012,1413.9376701712608
Puducherry,2013,902.6996419802308
Puducherry,2014,1146.0032562315464
Puducherry,2015,1746.391436420381
Puducherry,2016,587.1274950951338
Puducherry,2017,1388.2246554456651
Puducherry,2018,1025.946595147252
Puducherry,2019,1197.4919515401125
Puducherry,2020,1435.8452063687146
Puducherry,2021,2084.1745626702905
Puducherry,2022,1202.1086744703352
Puducherry,2023,1322.2790583996102
Puducherry,2024,1707.30224609375
Punjab,1966,686.7684709104896
Punjab,1967,710.0302544540167
Punjab,1968,554.4876012437543
Punjab,1969,503.4153126040101
Punjab,1970,668.130591100951
Punjab,1971,808.5956240375837
Punjab,1972,488.0155475631356
Punjab,1973,699.1897220529119
Punjab,1974,373.6111414846778
Punjab,1975,763.4345579660932
Punjab,1976,794.4067405322194
Punjab,1977,765.2633944496513
Punjab,1978,739.1984701871872
Punjab,1979,495.0698680479328
Punjab,1980,672.6318564108014
Punjab,1981,536.5769910823306
Punjab,1982,616.7174613622824
Punjab,1983,763.9761718129118
Punjab,1984,644.0612914873163
Punjab,1985,726.7366951818268
Punjab,1986,619.0118452017506
Punjab,1987,436.74835990399123
Punjab,1988,1171.9865144814055
Punjab,1989,533.4244695041577
Punjab,1990,830.2917623491088
Punjab,1991,534.3660867220163
Punjab,1992,562.0571459717552
Punjab,1993,665.7723727920652
Punjab,1994,675.3726866568128
Punjab,1995,972.1596926462651
Punjab,1996,664.0415593306224
Punjab,1997,712.0854340524475
Punjab,1998,689.8188930210471
Punjab,1999,433.1174725405375
Punjab,2000,454.64923854569594
Punjab,2001,526.3566072695454
Punjab,2002,473.7166019037366
Punjab,2003,700.8043652025858
Punjab,2004,402.9799015838901
Punjab,2005,592.5771923990051
Punjab,2006,628.3514093021552
Punjab,2007,724.3450165666143
Punjab,2008,892.4614640937249
Punjab,2009,597.7340658046802
Punjab,2010,531.4133079617222
Punjab,2011,913.1902073826393
Punjab,2012,770.3933730549613
Punjab,2013,662.5457959115505
Punjab,2014,482.12126971453426
Punjab,2015,602.343225983282
Punjab,2016,482.65194222658874
Punjab,2017,537.2073378452659
Punjab,2018,666.2678058363
Punjab,2019,706.1557938554884
Punjab,2020,624.6343540535371
Punjab,2021,629.056573822995
Punjab,2022,699.6315748751164
Punjab,2023,723.0259083469224
Punjab,2024,470.08270263671875
Rajasthan,1966,355.1509226394341
Rajasthan,1967,532.7667259336777
Rajasthan,1968,314.55080311445585
Rajasthan,1969,352.4440641014029
Rajasthan,1970,507.7763776566151
Rajasthan,1971,492.74724655680853
Rajasthan,1972,307.67260945948135
Rajasthan,1973,665.214861298336
Rajasthan,1974,368.7493073940127
Rajasthan,1975,704.6118445050279
Rajasthan,1976,598.126713177073
Rajasthan,1977,628.4617665240792
Rajasthan,1978,544.2269134126169
Rajasthan,1979,400.37044485453026
Rajasthan,1980,375.8438731968343
Rajasthan,1981,422.9622783154189
Rajasthan,1982,478.00762292114604
Rajasthan,1983,612.8053264724357
Rajasthan,1984,369.09117945075275
Rajasthan,1985,373.2409066823077
Rajasthan,1986,372.1719071318806
Rajasthan,1987,281.55177655336365
Rajasthan,1988,440.9220445295515
Rajasthan,1989,359.8086449220267
Rajasthan,1990,582.5213131613924
Rajasthan,1991,353.4934807641495
Rajasthan,1992,549.6510006443746
Rajasthan,1993,435.6294532432043
Rajasthan,1994,596.2271012285016
Rajasthan,1995,536.4320187597598
Rajasthan,1996,564.5311798873382
Rajasthan,1997,512.644606548236
Rajasthan,1998,428.0271544335654
Rajasthan,1999,338.2505934715301
Rajasthan,2000,332.0972639535904
Rajasthan,2001,444.38227522613056
Rajasthan,2002,186.61394826949422
Rajasthan,2003,486.50781280808224
Rajasthan,2004,390.5051056898126
Rajasthan,2005,432.0937542873969
Rajasthan,2006,541.5808547637322
Rajasthan,2007,439.7337971623215
Rajasthan,2008,490.3362386513284
Rajasthan,2009,310.0250219061101
Rajasthan,2010,609.1287317009609
Rajasthan,2011,620.985456670314
Rajasthan,2012,541.8670697878124
Rajasthan,2013,595.6106748874158
Rajasthan,2014,458.7529108281017
Rajasthan,2015,536.5685742779876
Rajasthan,2016,566.7242828374448
Rajasthan,2017,475.4338669741538
Rajasthan,2018,403.5716263815101
Rajasthan,2019,652.4595260528222
Rajasthan,2020,496.5787035637578
Rajasthan,2021,589.4525504410117
Rajasthan,2022,652.1223091816519
Rajasthan,2023,616.1929556493569
Rajasthan,2024,709.8878173828125
Sikkim,1966,2754.9627347954297
Sikkim,1967,2648.3166806128893
Sikkim,1968,2931.9974016553974
Sikkim,1969,2476.749384449287
Sikkim,1970,2698.9798200110145
Sikkim,1971,2963.5480849675155
Sikkim,1972,2600.785616459494
Sikkim,1973,3371.5146907425737
Sikkim,1974,2844.8685157962823
Sikkim,1975,3117.3966618803415
Sikkim,1976,3230.138476540419
Sikkim,1977,3824.9427959668365
Sikkim,1978,2954.7587880986657
Sikkim,1979,3286.5906904034996
Sikkim,1980,3133.9962001395497
Sikkim,1981,2968.104954496703
Sikkim,1982,2620.3625732579017
Sikkim,1983,2800.4068361412396
Sikkim,1984,3372.3598425530577
Sikkim,1985,3350.054520141672
Sikkim,1986,2688.9692287336698
Sikkim,1987,2936.4842663549566
Sikkim,1988,2731.8601798726754
Sikkim,1989,2515.984234244986
Sikkim,1990,3384.7727584066715
Sikkim,1991,2900.0154491033068
Sikkim,1992,1957.921549836343
Sikkim,1993,2286.6316567625513
Sikkim,1994,2058.670567776669
Sikkim,1995,3393.0811056874013
Sikkim,1996,2660.7681056579404
Sikkim,1997,2709.6241790293293
Sikkim,1998,3530.766119359569
Sikkim,1999,2212.508608906784
Sikkim,2000,1938.2851736620069
Sikkim,2001,2664.326931118288
Sikkim,2002,2690.1573886139827
Sikkim,2003,3010.006108345633
Sikkim,2004,2145.73712045022
Sikkim,2005,2450.8939980722284
Sikkim,2006,2444.1698537773705
Sikkim,2007,2443.215044679967
Sikkim,2008,2552.1525788063354
Sikkim,2009,2461.744628396224
Sikkim,2010,3019.473598112437
Sikkim,2011,2174.7864786041055
Sikkim,2012,2493.034289545634
Sikkim,2013,2948.4307711036367
Sikkim,2014,2671.109976280142
Sikkim,2015,3197.6562727195296
Sikkim,2016,3073.1238576302476
Sikkim,2017,3115.938683031635
Sikkim,2018,3283.382832484489
Sikkim,2019,3277.6002962738276
Sikkim,2020,3544.2294869531283
Sikkim,2021,3233.477526443926
Sikkim,2022,3716.41650367325
Sikkim,2023,3077.808923122219
Sikkim,2024,3229.2392578125
Tamil Nadu,1966,1159.0435608247744
Tamil Nadu,1967,913.4893566809337
Tamil Nadu,1968,764.4625895695611
Tamil Nadu,1969,979.781376495101
Tamil Nadu,1970,946.793750770861
Tamil Nadu,1971,1027.39913645832
Tamil Nadu,1972,1086.0277303629823
Tamil Nadu,1973,846.5371559824923
Tamil Nadu,1974,614.9925966929516
Tamil Nadu,1975,903.0944856564118
Tamil Nadu,1976,861.771770334278
Tamil Nadu,1977,1249.472461987458
Tamil Nadu,1978,957.9389745585363
Tamil Nadu,1979,1069.895039613605
Tamil Nadu,1980,662.8033811915024
Tamil Nadu,1981,1017.6917536328493
Tamil Nadu,1982,639.4278173700575
Tamil Nadu,1983,985.6891059291003
Tamil Nadu,1984,1000.9485505275086
Tamil Nadu,1985,987.9229552974903
Tamil Nadu,1986,837.5082080899042
Tamil Nadu,1987,937.7774355164889
Tamil Nadu,1988,811.5660540928272
Tamil Nadu,1989,843.9625236625815
Tamil Nadu,1990,915.236246549792
Tamil Nadu,1991,949.9017105505898
Tamil Nadu,1992,880.0084503993563
Tamil Nadu,1993,1099.707363439788
Tamil Nadu,1994,870.9011281809245
Tamil Nadu,1995,834.1742488269576
Tamil Nadu,1996,1082.6827541158118
Tamil Nadu,1997,967.1403607082093
Tamil Nadu,1998,1079.268705178823
Tamil Nadu,1999,891.9769486152064
Tamil Nadu,2000,963.1697833105579
Tamil Nadu,2001,489.2613455421538
Tamil Nadu,2002,322.86109467552996
Tamil Nadu,2003,338.5629187013911
Tamil Nadu,2004,885.880855546472
Tamil Nadu,2005,1339.1432047342432
Tamil Nadu,2006,913.4399318423593
Tamil Nadu,2007,1000.6557041790294
Tamil Nadu,2008,1375.427602052346
Tamil Nadu,2009,1088.7802338960698
Tamil Nadu,2010,1176.9911140731012
Tamil Nadu,2011,1560.3839992754931
Tamil Nadu,2012,1257.950307849495
Tamil Nadu,2013,718.0933638591875
Tamil Nadu,2014,888.0407557749543
Tamil Nadu,2015,1203.9826578101806
Tamil Nadu,2016,533.7686429344031
Tamil Nadu,2017,961.7771903832239
Tamil Nadu,2018,764.7251991047257
Tamil Nadu,2019,913.1804819311304
Tamil Nadu,2020,992.2627583107986
Tamil Nadu,2021,1393.4710606467193
Tamil Nadu,2022,1108.3306360449
Tamil Nadu,2023,1015.4580837070049
Tamil Nadu,2024,1147.66796875
Telangana,1966,913.0707094300734
Telangana,1967,913.496274990814
Telangana,1968,715.6426244445734
Telangana,1969,998.053722047345
Telangana,1970,965.6376383943287
Telangana,1971,696.5373186015181
Telangana,1972,631.3129797629326
Telangana,1973,982.7964052203553
Telangana,1974,865.0893642054381
Telangana,1975,1166.9377382908408
Telangana,1976,981.7432828831829
Telangana,1977,817.4753056948906
Telangana,1978,1223.2228697389364
Telangana,1979,784.8963388472697
Telangana,1980,821.4052524457343
Telangana,1981,1065.3017353694395
Telangana,1982,898.4804842249539
Telangana,1983,1340.4523385384757
Telangana,1984,692.5285481673322
Telangana,1985,764.4095832297677
Telangana,1986,937.1118253470447
Telangana,1987,917.1281172975799
Telangana,1988,1323.857512978739
Telangana,1989,1175.3503092489157
Telangana,1990,1315.6151952988614
Telangana,1991,913.036540123781
Telangana,1992,837.5550545916255
Telangana,1993,861.3952107481463
Telangana,1994,976.725278013925
Telangana,1995,1183.9036494989045
Telangana,1996,977.7571228315661
Telangana,1997,846.0159591426093
Telangana,1998,1067.204651628817
Telangana,1999,814.9093314841585
Telangana,2000,1076.9902371775456
Telangana,2001,876.5403556582567
Telangana,2002,741.5441759983568
Telangana,2003,943.1411403069077
Telangana,2004,731.8674729433106
Telangana,2005,1180.6646771932412
Telangana,2006,954.7464456191091
Telangana,2007,845.2536350223481
Telangana,2008,1108.5201280801803
Telangana,2009,658.1912153932805
Telangana,2010,1304.2898712217514
Telangana,2011,695.4929392205944
Telangana,2012,989.9728133887738
Telangana,2013,1325.476138415109
Telangana,2014,770.4324834677145
Telangana,2015,847.5345532113785
Telangana,2016,1077.954253755657
Telangana,2017,851.5424824200669
Telangana,2018,918.4740814657293
Telangana,2019,1097.8731076945796
Telangana,2020,1407.9435661888044
Telangana,2021,1212.088907708463
Telangana,2022,1336.1796052088275
Telangana,2023,1120.7671001302056
Telangana,2024,1202.507568359375
Tripura,1966,2491.720543214679
Tripura,1967,2068.6677437047165
Tripura,1968,2390.8747888490557
Tripura,1969,2445.9140798687936
Tripura,1970,2184.060849054654
Tripura,1971,2071.368622757991
Tripura,1972,1680.6993924632668
Tripura,1973,2932.814869119227
Tripura,1974,2998.218064354857
Tripura,1975,2675.4476760610937
Tripura,1976,3103.7952704027293
Tripura,1977,2785.260767675936
Tripura,1978,2463.841656516989
Tripura,1979,1922.9711998015641
Tripura,1980,2096.099841067195
Tripura,1981,2177.2441936433315
Tripura,1982,2956.591533811887
Tripura,1983,3115.152185251812
Tripura,1984,3065.2987153321506
Tripura,1985,2331.0342405110596
Tripura,1986,2375.2802071864407
Tripura,1987,2378.246148241063
Tripura,1988,3253.5613890960813
Tripura,1989,2506.5141822035116
Tripura,1990,2877.202390436828
Tripura,1991,3552.0653668150308
Tripura,1992,1954.6207526400685
Tripura,1993,3651.778499055902
Tripura,1994,2051.9994950731593
Tripura,1995,2569.4461771801116
Tripura,1996,2097.297058172524
Tripura,1997,2284.0269064133367
Tripura,1998,2189.0652339900535
Tripura,1999,2185.8261123284697
Tripura,2000,2512.3490048249564
Tripura,2001,2454.4809642309942
Tripura,2002,2382.2325745190183
Tripura,2003,2328.419518807034
Tripura,2004,2827.2314164996146
Tripura,2005,2378.0019621317583
Tripura,2006,1928.1869103208185
Tripura,2007,2629.128068209191
Tripura,2008,1829.465279004971
Tripura,2009,2467.6805785576503
Tripura,2010,2513.21289708068
Tripura,2011,2057.192674151063
Tripura,2012,2102.0989440267285
Tripura,2013,1877.5877417097488
Tripura,2014,1810.419592454036
Tripura,2015,2312.5557955553136
Tripura,2016,2387.1566020598016
Tripura,2017,3068.438506842653
Tripura,2018,2240.7152307629585
Tripura,2019,2239.4811285992464
Tripura,2020,2117.6443641871215
Tripura,2021,1826.7242396821578
Tripura,2022,1956.4376272623738
Tripura,2023,1940.1624388767716
Tripura,2024,2386.443603515625
Uttar Pradesh,1966,734.5932678952813
Uttar Pradesh,1967,1079.859572396159
Uttar Pradesh,1968,824.7069437789926
Uttar Pradesh,1969,988.1792900060889
Uttar Pradesh,1970,1041.945684449249
Uttar Pradesh,1971,1203.617309200664
Uttar Pradesh,1972,649.9187972267526
Uttar Pradesh,1973,920.1864248867428
Uttar Pradesh,1974,778.2751417944295
Uttar Pradesh,1975,1174.7443867334446
Uttar Pradesh,1976,787.4539681665902
Uttar Pradesh,1977,859.8269569268883
Uttar Pradesh,1978,1203.2892468845428
Uttar Pradesh,1979,665.5587560150902
Uttar Pradesh,1980,1205.9041040686586
Uttar Pradesh,1981,955.2830820026439
Uttar Pradesh,1982,1019.8697088694546
Uttar Pradesh,1983,1196.3599723143677
Uttar Pradesh,1984,993.1031884589385
Uttar Pradesh,1985,1145.8518892191785
Uttar Pradesh,1986,931.631322154797
Uttar Pradesh,1987,739.8302874686414
Uttar Pradesh,1988,1087.3314422701465
Uttar Pradesh,1989,871.099472703109
Uttar Pradesh,1990,1072.1785562510363
Uttar Pradesh,1991,850.7278822097104
Uttar Pradesh,1992,854.8875799549656
Uttar Pradesh,1993,846.9926849124347
Uttar Pradesh,1994,889.973969122135
Uttar Pradesh,1995,892.9721826804845
Uttar Pradesh,1996,1011.7496987356869
Uttar Pradesh,1997,552.0897457837235
Uttar Pradesh,1998,826.7083091285123
Uttar Pradesh,1999,921.1555295186984
Uttar Pradesh,2000,925.0909133897444
Uttar Pradesh,2001,893.8223423828306
Uttar Pradesh,2002,707.5051441596778
Uttar Pradesh,2003,1114.189870513196
Uttar Pradesh,2004,736.9771313038763
Uttar Pradesh,2005,803.054059280884
Uttar Pradesh,2006,644.6061432044087
Uttar Pradesh,2007,785.5807187267211
Uttar Pradesh,2008,1047.220920562636
Uttar Pradesh,2009,707.738963565486
Uttar Pradesh,2010,822.1499625046976
Uttar Pradesh,2011,941.2714418141431
Uttar Pradesh,2012,845.2995417383391
Uttar Pradesh,2013,1011.9527138712448
Uttar Pradesh,2014,647.7102559646374
Uttar Pradesh,2015,617.1253752391352
Uttar Pradesh,2016,818.1941139205727
Uttar Pradesh,2017,693.3125096875091
Uttar Pradesh,2018,832.0463217567046
Uttar Pradesh,2019,870.8959072006346
Uttar Pradesh,2020,848.8875842228705
Uttar Pradesh,2021,1033.4821578508763
Uttar Pradesh,2022,837.3676295601655
Uttar Pradesh,2023,772.9529123540768
Uttar Pradesh,2024,831.8346557617188
Uttarakhand,1966,1509.6522959547117
Uttarakhand,1967,1657.928698504623
Uttarakhand,1968,1580.8496419379487
Uttarakhand,1969,1471.2969220941886
Uttarakhand,1970,1323.6921918155626
Uttarakhand,1971,1705.7124595546163
Uttarakhand,1972,1041.2657306040637
Uttarakhand,1973,1230.8734862529673
Uttarakhand,1974,1145.6789473854938
Uttarakhand,1975,1629.5085322992877
Uttarakhand,1976,1142.8677000654861
Uttarakhand,1977,1197.9790782239288
Uttarakhand,1978,1983.1766778037884
Uttarakhand,1979,1150.4182184428907
Uttarakhand,1980,1286.6793323415332
Uttarakhand,1981,1396.4973739800976
Uttarakhand,1982,1395.2531357578932
Uttarakhand,1983,1553.913521629013
Uttarakhand,1984,1294.9179500313476
Uttarakhand,1985,1793.3379132552072
Uttarakhand,1986,1554.6860243694857
Uttarakhand,1987,1050.7323416139
Uttarakhand,1988,1602.9897708848118
Uttarakhand,1989,1238.6688247364013
Uttarakhand,1990,1392.4756000922994
Uttarakhand,1991,1010.6708949434571
Uttarakhand,1992,1183.083135933429
Uttarakhand,1993,1549.8864543131554
Uttarakhand,1994,1304.660608391557
Uttarakhand,1995,1510.9237876460888
Uttarakhand,1996,1333.1307132839224
Uttarakhand,1997,836.6686260096728
Uttarakhand,1998,1382.2110782261939
Uttarakhand,1999,1256.3730076125823
Uttarakhand,2000,1752.7323793284595
Uttarakhand,2001,1613.1637138828635
Uttarakhand,2002,1685.2837624339386
Uttarakhand,2003,1914.1879378992132
Uttarakhand,2004,1368.056431105826
Uttarakhand,2005,1312.0933286091313
Uttarakhand,2006,1142.2057992830873
Uttarakhand,2007,1743.7703226131387
Uttarakhand,2008,1276.669929104019
Uttarakhand,2009,929.741886333283
Uttarakhand,2010,1790.0847056095488
Uttarakhand,2011,1363.3613503904082
Uttarakhand,2012,1086.445323363319
Uttarakhand,2013,1727.3592125057244
Uttarakhand,2014,1312.7754864746705
Uttarakhand,2015,1243.5104500106536
Uttarakhand,2016,1409.060914898198
Uttarakhand,2017,1595.5938512370922
Uttarakhand,2018,1590.3616395562888
Uttarakhand,2019,1533.1797986055724
Uttarakhand,2020,1509.7340832316318
Uttarakhand,2021,1826.1268736247905
Uttarakhand,2022,1618.571940050088
Uttarakhand,2023,1587.5506902060065
Uttarakhand,2024,1687.747314453125
West Bengal,1966,1483.5377009807185
West Bengal,1967,1669.2975848413637
West Bengal,1968,1964.7505111794492
West Bengal,1969,1677.4161054788187
West Bengal,1970,1997.8530788772175
West Bengal,1971,2282.480458198268
West Bengal,1972,1463.8955811925966
West Bengal,1973,1936.40018876813
West Bengal,1974,2068.9258758199144
West Bengal,1975,1683.6022822536283
West Bengal,1976,1656.0240136022205
West Bengal,1977,2094.9442640091675
West Bengal,1978,1966.098326068799
West Bengal,1979,1460.5525161441356
West Bengal,1980,1842.9397616579395
West Bengal,1981,1867.212674451656
West Bengal,1982,1358.1258317050142
West Bengal,1983,1894.1767086373245
West Bengal,1984,2268.6589367341435
West Bengal,1985,1770.6213278341122
West Bengal,1986,1887.117069444268
West Bengal,1987,1967.5225848827938
West Bengal,1988,2043.5279377168808
West Bengal,1989,1860.8389387139898
West Bengal,1990,2135.4123907056864
West Bengal,1991,1954.4154893994698
West Bengal,1992,1536.0971912538907
West Bengal,1993,1987.7868142043103
West Bengal,1994,1494.9298491014442
West Bengal,1995,2216.0950312338405
West Bengal,1996,1798.9509069320486
West Bengal,1997,1851.1241447402806
West Bengal,1998,2185.8454820483803
West Bengal,1999,2263.429984867817
West Bengal,2000,1904.8230133764446
West Bengal,2001,1760.8302257863468
West Bengal,2002,1894.5054076586346
West Bengal,2003,1884.9182518353593
West Bengal,2004,1926.2933724768093
West Bengal,2005,1850.0783442748009
West Bengal,2006,1733.6074523787152
West Bengal,2007,2018.2036376963752
West Bengal,2008,1829.4338004932297
West Bengal,2009,1553.7252271861205
West Bengal,2010,1527.470713832095
West Bengal,2011,1580.2313493823053
West Bengal,2012,1400.8817560781465
West Bengal,2013,1873.566180445498
West Bengal,2014,1567.907142221378
West Bengal,2015,1859.5307468386582
West Bengal,2016,1742.8448231663615
West Bengal,2017,1878.552738814569
West Bengal,2018,1478.2740174371932
West Bengal,2019,1700.528070197914
West Bengal,2020,2031.3031700844037
West Bengal,2021,2042.8698358002623
West Bengal,2022,1547.836088820315
West Bengal,2023,1618.0642067785993
West Bengal,2024,1880.5003662109375
